,filename,channel,label,measure,peak_no,peak_center,peak_power,peak_width,fit_mean,fit_height,fit_sd
0,D0179_chirp-ST_postcomp_MN_EEG_Constr_2018.set,1,banksstsL,periodic,1,6.022805193412007,0.07518120253421556,2.34993405617253,6.022805193412007,0.0751930787049104,1.174967028086265
1,D0179_chirp-ST_postcomp_MN_EEG_Constr_2018.set,1,banksstsL,periodic,2,13.114622507432017,0.09360770072425995,1.0000000000000002,13.114622507432017,0.09195872153399483,0.5000000000000001
2,D0179_chirp-ST_postcomp_MN_EEG_Constr_2018.set,1,banksstsL,periodic,3,20.499999999999996,0.062337666980620376,6.418702878050911,20.499999999999996,0.0618879963694713,3.2093514390254554
3,D0179_chirp-ST_postcomp_MN_EEG_Constr_2018.set,1,banksstsL,periodic,4,22.07416840751581,0.11865069674210371,1.0000000000000002,22.07416840751581,0.06386505942514896,0.5000000000000001
4,D0179_chirp-ST_postcomp_MN_EEG_Constr_2018.set,1,banksstsL,periodic,5,25.165700156403087,0.07331624879310228,1.0981796866678433,25.165700156403087,0.0524956330666364,0.5490898433339216
5,D0179_chirp-ST_postcomp_MN_EEG_Constr_2018.set,2,banksstsR,periodic,1,4.953573755273209,0.0960376442139379,1.0275137087768762,4.953573755273209,0.09643056976963854,0.5137568543884381
6,D0179_chirp-ST_postcomp_MN_EEG_Constr_2018.set,2,banksstsR,periodic,2,17.586478980996826,0.0977800151574737,2.26097326445412,17.586478980996826,0.08527810317976785,1.13048663222706
7,D0179_chirp-ST_postcomp_MN_EEG_Constr_2018.set,2,banksstsR,periodic,3,20.852645376540853,0.09908483914656552,3.315345217953518,20.852645376540853,0.09858024071547511,1.657672608976759
8,D0179_chirp-ST_postcomp_MN_EEG_Constr_2018.set,2,banksstsR,periodic,4,26.015883757843696,0.07985169834320205,1.037898094411634,26.015883757843696,0.07909433846168795,0.518949047205817
9,D0179_chirp-ST_postcomp_MN_EEG_Constr_2018.set,2,banksstsR,periodic,5,36.81761866098437,0.07432583325767439,1.7684950370920656,36.81761866098437,0.0759237346182193,0.8842475185460328
10,D0179_chirp-ST_postcomp_MN_EEG_Constr_2018.set,3,caudalanteriorcingulateL,periodic,1,6.740558519353066,0.2033568338319136,3.001283724689941,6.740558519353066,0.20598655183953493,1.5006418623449704
11,D0179_chirp-ST_postcomp_MN_EEG_Constr_2018.set,3,caudalanteriorcingulateL,periodic,2,19.842816601125104,0.07014146896865325,3.0417779836313072,19.842816601125104,0.06958202849752551,1.5208889918156536
12,D0179_chirp-ST_postcomp_MN_EEG_Constr_2018.set,3,caudalanteriorcingulateL,periodic,3,23.025097210903233,0.12037155898491925,1.954139934580454,23.025097210903233,0.11202537244000497,0.977069967290227
13,D0179_chirp-ST_postcomp_MN_EEG_Constr_2018.set,3,caudalanteriorcingulateL,periodic,4,26.09858344895435,0.07746000456030577,1.3826208635702588,26.09858344895435,0.06730216440657494,0.6913104317851294
14,D0179_chirp-ST_postcomp_MN_EEG_Constr_2018.set,3,caudalanteriorcingulateL,periodic,5,30.000000000045624,0.05155306985863417,4.381133432030645,30.000000000045624,0.05155306167626228,2.1905667160153226
15,D0179_chirp-ST_postcomp_MN_EEG_Constr_2018.set,4,caudalanteriorcingulateR,periodic,1,4.7699584753622455,0.13314699397261798,1.041662201466437,4.7699584753622455,0.0647127413638808,0.5208311007332185
16,D0179_chirp-ST_postcomp_MN_EEG_Constr_2018.set,4,caudalanteriorcingulateR,periodic,2,6.955451729629497,0.20301156334738946,2.760402024838154,6.955451729629497,0.2031102002394275,1.380201012419077
17,D0179_chirp-ST_postcomp_MN_EEG_Constr_2018.set,4,caudalanteriorcingulateR,periodic,3,19.701523822582626,0.07897649409949725,3.3778363515597043,19.701523822582626,0.06727962858163647,1.6889181757798521
18,D0179_chirp-ST_postcomp_MN_EEG_Constr_2018.set,4,caudalanteriorcingulateR,periodic,4,22.77660090832663,0.12083006115345762,1.7574063368800412,22.77660090832663,0.0746469004258303,0.8787031684400206
19,D0179_chirp-ST_postcomp_MN_EEG_Constr_2018.set,4,caudalanteriorcingulateR,periodic,5,26.54796540071918,0.057179007429533524,7.999999995611987,26.54796540071918,0.05715330904148486,3.9999999978059937
20,D0179_chirp-ST_postcomp_MN_EEG_Constr_2018.set,5,caudalmiddlefrontalL,periodic,1,6.331297063585565,0.21962739140063192,2.451341484950901,6.331297063585565,0.22171771112267002,1.2256707424754505
21,D0179_chirp-ST_postcomp_MN_EEG_Constr_2018.set,5,caudalmiddlefrontalL,periodic,2,21.87078757521606,0.08856278719193256,3.629273535332951,21.87078757521606,0.08144504583188934,1.8146367676664754
22,D0179_chirp-ST_postcomp_MN_EEG_Constr_2018.set,5,caudalmiddlefrontalL,periodic,3,27.79294322697909,0.07940177275391047,5.307048014716439,27.79294322697909,0.07937169346120067,2.6535240073582194
23,D0179_chirp-ST_postcomp_MN_EEG_Constr_2018.set,5,caudalmiddlefrontalL,periodic,4,31.294374883699824,0.05028939164728685,1.0000000000000002,31.294374883699824,0.02217437174728331,0.5000000000000001
24,D0179_chirp-ST_postcomp_MN_EEG_Constr_2018.set,5,caudalmiddlefrontalL,periodic,5,36.352154044619546,0.05355673489237933,1.0000000000000002,36.352154044619546,0.055569269122799025,0.5000000000000001
25,D0179_chirp-ST_postcomp_MN_EEG_Constr_2018.set,6,caudalmiddlefrontalR,periodic,1,6.47373335723033,0.17051392323975767,3.3247479546461878,6.47373335723033,0.17053520995398305,1.6623739773230939
26,D0179_chirp-ST_postcomp_MN_EEG_Constr_2018.set,6,caudalmiddlefrontalR,periodic,2,18.725941330705865,0.09344008561669126,1.8987600213491906,18.725941330705865,0.09092758321006723,0.9493800106745953
27,D0179_chirp-ST_postcomp_MN_EEG_Constr_2018.set,6,caudalmiddlefrontalR,periodic,3,22.47030416834292,0.1263466192379319,3.129524306056398,22.47030416834292,0.12630013136520385,1.564762153028199
28,D0179_chirp-ST_postcomp_MN_EEG_Constr_2018.set,6,caudalmiddlefrontalR,periodic,4,26.57675290687402,0.09568336083611184,2.0577202140784197,26.57675290687402,0.0912855408283869,1.0288601070392098
29,D0179_chirp-ST_postcomp_MN_EEG_Constr_2018.set,6,caudalmiddlefrontalR,periodic,5,30.067273270456283,0.07818081290547729,1.8990430175643167,30.067273270456283,0.0780150314520191,0.9495215087821584
30,D0179_chirp-ST_postcomp_MN_EEG_Constr_2018.set,7,cuneusL,periodic,1,15.72783897034968,0.05301019592828693,3.62730211991242,15.72783897034968,0.05343014105577028,1.81365105995621
31,D0179_chirp-ST_postcomp_MN_EEG_Constr_2018.set,7,cuneusL,periodic,2,24.404235604062674,0.04142756777453371,1.0000000000000002,24.404235604062674,0.04219397582878558,0.5000000000000001
32,D0179_chirp-ST_postcomp_MN_EEG_Constr_2018.set,7,cuneusL,periodic,3,33.525795141927816,0.06538624004253135,1.0000000000000002,33.525795141927816,0.06463878091305725,0.5000000000000001
33,D0179_chirp-ST_postcomp_MN_EEG_Constr_2018.set,7,cuneusL,periodic,4,38.49999999999999,0.03330069787115031,3.682151827712757,38.49999999999999,0.033300697871150406,1.8410759138563786
34,D0179_chirp-ST_postcomp_MN_EEG_Constr_2018.set,8,cuneusR,periodic,1,15.87644210553654,0.14270708502352925,3.5126059030813823,15.87644210553654,0.14288726939384894,1.7563029515406912
35,D0179_chirp-ST_postcomp_MN_EEG_Constr_2018.set,8,cuneusR,periodic,2,19.775190696752563,0.05973030958294867,2.236265111428315,19.775190696752563,0.05168676840657282,1.1181325557141575
36,D0179_chirp-ST_postcomp_MN_EEG_Constr_2018.set,8,cuneusR,periodic,3,24.49738253257967,0.037064951921215616,1.0000000000000002,24.49738253257967,0.03705777304924012,0.5000000000000001
37,D0179_chirp-ST_postcomp_MN_EEG_Constr_2018.set,8,cuneusR,periodic,4,32.98063485190642,0.0625447656453515,1.0698128055692289,32.98063485190642,0.0625857661626139,0.5349064027846144
38,D0179_chirp-ST_postcomp_MN_EEG_Constr_2018.set,9,entorhinalL,periodic,1,6.66547379284681,0.06533607277388231,2.1346312812607504,6.66547379284681,0.06612603818988898,1.0673156406303752
39,D0179_chirp-ST_postcomp_MN_EEG_Constr_2018.set,9,entorhinalL,periodic,2,20.16469230618506,0.06564613395226626,1.0000000000000002,20.16469230618506,0.06929322725456147,0.5000000000000001
40,D0179_chirp-ST_postcomp_MN_EEG_Constr_2018.set,9,entorhinalL,periodic,3,22.084430885021415,0.06908626675994345,1.0000000000000002,22.084430885021415,0.06967333135169256,0.5000000000000001
41,D0179_chirp-ST_postcomp_MN_EEG_Constr_2018.set,9,entorhinalL,periodic,4,23.618020146621696,0.05921371375329665,1.0000000000000002,23.618020146621696,0.05957049512475561,0.5000000000000001
42,D0179_chirp-ST_postcomp_MN_EEG_Constr_2018.set,9,entorhinalL,periodic,5,25.594808292069423,0.08561185414054506,1.0000000000000002,25.594808292069423,0.08711396888072183,0.5000000000000001
43,D0179_chirp-ST_postcomp_MN_EEG_Constr_2018.set,10,entorhinalR,periodic,1,6.480634920297741,0.0879441174488822,2.880425401030248,6.480634920297741,0.08795205873708703,1.440212700515124
44,D0179_chirp-ST_postcomp_MN_EEG_Constr_2018.set,10,entorhinalR,periodic,2,11.806132920327466,0.13721631714998805,1.002782793700209,11.806132920327466,0.13470165726959266,0.5013913968501045
45,D0179_chirp-ST_postcomp_MN_EEG_Constr_2018.set,10,entorhinalR,periodic,3,14.241606001931595,0.043615582769320316,2.7888941105904874,14.241606001931595,0.04426556721014889,1.3944470552952437
46,D0179_chirp-ST_postcomp_MN_EEG_Constr_2018.set,11,frontalpoleL,periodic,1,6.627829462923381,0.15315087481666145,3.9539819214268923,6.627829462923381,0.15347135120969144,1.9769909607134462
47,D0179_chirp-ST_postcomp_MN_EEG_Constr_2018.set,11,frontalpoleL,periodic,2,22.69240148970719,0.05026843563036909,3.5374769965465798,22.69240148970719,0.0503410001034272,1.7687384982732899
48,D0179_chirp-ST_postcomp_MN_EEG_Constr_2018.set,11,frontalpoleL,periodic,3,26.481128652479573,0.12917812583188804,2.240563115520133,26.481128652479573,0.12395937028853778,1.1202815577600664
49,D0179_chirp-ST_postcomp_MN_EEG_Constr_2018.set,11,frontalpoleL,periodic,4,29.510028960635285,0.12637406073638813,1.6729739796074707,29.510028960635285,0.11619929898027355,0.8364869898037354
50,D0179_chirp-ST_postcomp_MN_EEG_Constr_2018.set,11,frontalpoleL,periodic,5,33.60724231790244,0.05850344632152327,3.9672808390225183,33.60724231790244,0.058587672049879455,1.9836404195112591
51,D0179_chirp-ST_postcomp_MN_EEG_Constr_2018.set,12,frontalpoleR,periodic,1,6.699502882962346,0.12881053865446246,4.199545386110036,6.699502882962346,0.12939325294854778,2.099772693055018
52,D0179_chirp-ST_postcomp_MN_EEG_Constr_2018.set,12,frontalpoleR,periodic,2,19.790549390949245,0.03885309246287916,1.0000000000000002,19.790549390949245,0.041693476665729014,0.5000000000000001
53,D0179_chirp-ST_postcomp_MN_EEG_Constr_2018.set,12,frontalpoleR,periodic,3,21.483899937737185,0.04895838667765329,1.0000000000000002,21.483899937737185,0.04728344956986334,0.5000000000000001
54,D0179_chirp-ST_postcomp_MN_EEG_Constr_2018.set,12,frontalpoleR,periodic,4,26.188242554930223,0.0821301645877508,3.332595276062537,26.188242554930223,0.08265592701673269,1.6662976380312684
55,D0179_chirp-ST_postcomp_MN_EEG_Constr_2018.set,12,frontalpoleR,periodic,5,29.745633650160336,0.10130036043467339,1.0000000000000002,29.745633650160336,0.10135300825976634,0.5000000000000001
56,D0179_chirp-ST_postcomp_MN_EEG_Constr_2018.set,13,fusiformL,periodic,1,6.3158025331901815,0.11823429732142099,1.8218263193836475,6.3158025331901815,0.12067643989527323,0.9109131596918237
57,D0179_chirp-ST_postcomp_MN_EEG_Constr_2018.set,13,fusiformL,periodic,2,12.233343352300505,0.07024047807795952,1.0000000000000002,12.233343352300505,0.07596908274484579,0.5000000000000001
58,D0179_chirp-ST_postcomp_MN_EEG_Constr_2018.set,13,fusiformL,periodic,3,15.606393517459235,0.04334110131608071,2.9478989376797653,15.606393517459235,0.040424704106966795,1.4739494688398826
59,D0179_chirp-ST_postcomp_MN_EEG_Constr_2018.set,13,fusiformL,periodic,4,22.40201800750067,0.050750543304778795,5.810797311418178,22.40201800750067,0.050778691727692206,2.905398655709089
60,D0179_chirp-ST_postcomp_MN_EEG_Constr_2018.set,13,fusiformL,periodic,5,38.57227756156782,0.054959208527218806,1.0000000000000002,38.57227756156782,0.055536426540231595,0.5000000000000001
61,D0179_chirp-ST_postcomp_MN_EEG_Constr_2018.set,14,fusiformR,periodic,1,6.045958833297559,0.045672607252388975,2.0287821691301864,6.045958833297559,0.04571896822692448,1.0143910845650932
62,D0179_chirp-ST_postcomp_MN_EEG_Constr_2018.set,14,fusiformR,periodic,2,12.079757755337244,0.14502908549671645,1.0648292113112328,12.079757755337244,0.1430567303065492,0.5324146056556164
63,D0179_chirp-ST_postcomp_MN_EEG_Constr_2018.set,14,fusiformR,periodic,3,18.21099199007313,0.0766539930680552,5.012547876502698,18.21099199007313,0.07692610611080078,2.506273938251349
64,D0179_chirp-ST_postcomp_MN_EEG_Constr_2018.set,14,fusiformR,periodic,4,21.985437578755683,0.061700566548672064,1.0000000000000002,21.985437578755683,0.037182287788343725,0.5000000000000001
65,D0179_chirp-ST_postcomp_MN_EEG_Constr_2018.set,14,fusiformR,periodic,5,25.93173261915718,0.054611929207446064,1.0000000000000002,25.93173261915718,0.054502732148521874,0.5000000000000001
66,D0179_chirp-ST_postcomp_MN_EEG_Constr_2018.set,15,inferiorparietalL,periodic,1,5.281510550934344,0.07620955735390611,1.7749173353141021,5.281510550934344,0.07242235232351867,0.8874586676570511
67,D0179_chirp-ST_postcomp_MN_EEG_Constr_2018.set,15,inferiorparietalL,periodic,2,7.3143838503505645,0.06274662637482864,1.6816594685647954,7.3143838503505645,0.06103233031534809,0.8408297342823977
68,D0179_chirp-ST_postcomp_MN_EEG_Constr_2018.set,15,inferiorparietalL,periodic,3,13.365161124660197,0.07574400300013728,1.0000000000000002,13.365161124660197,0.07764831345917292,0.5000000000000001
69,D0179_chirp-ST_postcomp_MN_EEG_Constr_2018.set,15,inferiorparietalL,periodic,4,20.27144732514886,0.06022310144315712,4.648523027582684,20.27144732514886,0.06051496913856058,2.324261513791342
70,D0179_chirp-ST_postcomp_MN_EEG_Constr_2018.set,15,inferiorparietalL,periodic,5,33.97819133318453,0.056158256622733216,1.0000000000000002,33.97819133318453,0.056211700179411475,0.5000000000000001
71,D0179_chirp-ST_postcomp_MN_EEG_Constr_2018.set,16,inferiorparietalR,periodic,1,5.022402017640066,0.09415606769667662,1.7255327204051385,5.022402017640066,0.09418777457775955,0.8627663602025692
72,D0179_chirp-ST_postcomp_MN_EEG_Constr_2018.set,16,inferiorparietalR,periodic,2,9.742063547091883,0.05904249836062592,1.1297839571827855,9.742063547091883,0.06467045229282795,0.5648919785913927
73,D0179_chirp-ST_postcomp_MN_EEG_Constr_2018.set,16,inferiorparietalR,periodic,3,21.022434975048125,0.08716940428712094,5.923016935879638,21.022434975048125,0.08717190558570587,2.961508467939819
74,D0179_chirp-ST_postcomp_MN_EEG_Constr_2018.set,16,inferiorparietalR,periodic,4,30.70800095876182,0.04788780488501709,1.0000000000000002,30.70800095876182,0.05164846456658912,0.5000000000000001
75,D0179_chirp-ST_postcomp_MN_EEG_Constr_2018.set,17,inferiortemporalL,periodic,1,6.216277846957142,0.097378500004905,1.79685479863938,6.216277846957142,0.1002413479694533,0.89842739931969
76,D0179_chirp-ST_postcomp_MN_EEG_Constr_2018.set,17,inferiortemporalL,periodic,2,12.305864233343438,0.25602582767646886,1.4868921549282486,12.305864233343438,0.2649053676937399,0.7434460774641243
77,D0179_chirp-ST_postcomp_MN_EEG_Constr_2018.set,17,inferiortemporalL,periodic,3,19.95024350993434,0.04434935824321906,1.8538131588379754,19.95024350993434,0.04435113901749663,0.9269065794189877
78,D0179_chirp-ST_postcomp_MN_EEG_Constr_2018.set,17,inferiortemporalL,periodic,4,21.872179597072563,0.07039895011056396,1.0000000000000002,21.872179597072563,0.06876367723559519,0.5000000000000001
79,D0179_chirp-ST_postcomp_MN_EEG_Constr_2018.set,17,inferiortemporalL,periodic,5,38.2835489512611,0.06024467160088598,1.8496967171837038,38.2835489512611,0.061917408400843615,0.9248483585918519
80,D0179_chirp-ST_postcomp_MN_EEG_Constr_2018.set,18,inferiortemporalR,periodic,1,6.784625144648707,0.08029565622637946,2.6621906738028245,6.784625144648707,0.08135364071632425,1.3310953369014122
81,D0179_chirp-ST_postcomp_MN_EEG_Constr_2018.set,18,inferiortemporalR,periodic,2,12.060852352412004,0.12109424429224713,1.2871162835500765,12.060852352412004,0.12159888806523575,0.6435581417750382
82,D0179_chirp-ST_postcomp_MN_EEG_Constr_2018.set,18,inferiortemporalR,periodic,3,17.126156027822432,0.0666622369551364,1.0462747832861772,17.126156027822432,0.0686290529683687,0.5231373916430886
83,D0179_chirp-ST_postcomp_MN_EEG_Constr_2018.set,19,insulaL,periodic,1,5.763806080851885,0.22924304744795232,2.225425504115249,5.763806080851885,0.2344662727523473,1.1127127520576245
84,D0179_chirp-ST_postcomp_MN_EEG_Constr_2018.set,19,insulaL,periodic,2,11.169311431580915,0.1777925853214355,1.0000000000000002,11.169311431580915,0.08762268721408738,0.5000000000000001
85,D0179_chirp-ST_postcomp_MN_EEG_Constr_2018.set,19,insulaL,periodic,3,12.400816904209945,0.4581079917186832,1.5785138236764376,12.400816904209945,0.45918091009395273,0.7892569118382188
86,D0179_chirp-ST_postcomp_MN_EEG_Constr_2018.set,19,insulaL,periodic,4,21.10228874186858,0.0737186307675719,2.735404931597239,21.10228874186858,0.07392508657839333,1.3677024657986194
87,D0179_chirp-ST_postcomp_MN_EEG_Constr_2018.set,20,insulaR,periodic,1,5.248065253247598,0.11449478557149617,1.7159483403183922,5.248065253247598,0.11923956125817145,0.8579741701591961
88,D0179_chirp-ST_postcomp_MN_EEG_Constr_2018.set,20,insulaR,periodic,2,7.801656087668922,0.10270152872372185,1.5364364848727998,7.801656087668922,0.10546291642241858,0.7682182424363999
89,D0179_chirp-ST_postcomp_MN_EEG_Constr_2018.set,20,insulaR,periodic,3,12.201719147664122,0.19341023489356823,1.5463308952707782,12.201719147664122,0.20010611972581432,0.7731654476353891
90,D0179_chirp-ST_postcomp_MN_EEG_Constr_2018.set,20,insulaR,periodic,4,24.132668454929885,0.09009939001125433,1.0000000000000002,24.132668454929885,0.09332753917703028,0.5000000000000001
91,D0179_chirp-ST_postcomp_MN_EEG_Constr_2018.set,21,isthmuscingulateL,periodic,1,12.79772254069948,0.06947184684309704,1.7899578119085697,12.79772254069948,0.058453958779048326,0.8949789059542849
92,D0179_chirp-ST_postcomp_MN_EEG_Constr_2018.set,21,isthmuscingulateL,periodic,2,16.5477431844337,0.08103434130247944,3.669001773549751,16.5477431844337,0.08105046113557957,1.8345008867748755
93,D0179_chirp-ST_postcomp_MN_EEG_Constr_2018.set,21,isthmuscingulateL,periodic,3,19.9039089905339,0.0846399486373759,1.1826384096674516,19.9039089905339,0.07149274700497482,0.5913192048337258
94,D0179_chirp-ST_postcomp_MN_EEG_Constr_2018.set,21,isthmuscingulateL,periodic,4,21.958946532448646,0.08831948253604693,1.0000000000000002,21.958946532448646,0.08251074069388901,0.5000000000000001
95,D0179_chirp-ST_postcomp_MN_EEG_Constr_2018.set,21,isthmuscingulateL,periodic,5,26.00702843960391,0.05460842324481696,3.6609927466194314,26.00702843960391,0.05460868650683558,1.8304963733097157
96,D0179_chirp-ST_postcomp_MN_EEG_Constr_2018.set,22,isthmuscingulateR,periodic,1,18.50284047181033,0.11913131507294583,5.829100253629081,18.50284047181033,0.11913137164916925,2.9145501268145404
97,D0179_chirp-ST_postcomp_MN_EEG_Constr_2018.set,22,isthmuscingulateR,periodic,2,27.53269314010206,0.06424418163093737,1.0000000000000002,27.53269314010206,0.06336386560219312,0.5000000000000001
98,D0179_chirp-ST_postcomp_MN_EEG_Constr_2018.set,23,lateraloccipitalL,periodic,1,26.661556872818622,0.07046543546338313,6.572156020326436,26.661556872818622,0.06199596910030851,3.286078010163218
99,D0179_chirp-ST_postcomp_MN_EEG_Constr_2018.set,23,lateraloccipitalL,periodic,2,35.86991350216014,0.1338267025885873,7.999999999999999,35.86991350216014,0.1328037264404362,3.9999999999999996
100,D0179_chirp-ST_postcomp_MN_EEG_Constr_2018.set,24,lateraloccipitalR,periodic,1,11.702740712805522,0.04921120359580122,1.0000000000000002,11.702740712805522,0.05215258325696098,0.5000000000000001
101,D0179_chirp-ST_postcomp_MN_EEG_Constr_2018.set,24,lateraloccipitalR,periodic,2,16.80823624808338,0.1394162334939093,3.4331252622454436,16.80823624808338,0.14007375644926573,1.7165626311227218
102,D0179_chirp-ST_postcomp_MN_EEG_Constr_2018.set,24,lateraloccipitalR,periodic,3,20.176708693861265,0.09419754546949699,1.8654019469244825,20.176708693861265,0.07058246412334256,0.9327009734622412
103,D0179_chirp-ST_postcomp_MN_EEG_Constr_2018.set,24,lateraloccipitalR,periodic,4,36.56777207024401,0.030720779019176803,7.999874239943835,36.56777207024401,0.024531112921547398,3.9999371199719174
104,D0179_chirp-ST_postcomp_MN_EEG_Constr_2018.set,24,lateraloccipitalR,periodic,5,37.164775080377055,0.03858487338535044,1.0000000000000002,37.164775080377055,0.014988775609676215,0.5000000000000001
105,D0179_chirp-ST_postcomp_MN_EEG_Constr_2018.set,25,lateralorbitofrontalL,periodic,1,5.508102789944562,0.10160252160927552,2.372624661010337,5.508102789944562,0.10154005914154064,1.1863123305051686
106,D0179_chirp-ST_postcomp_MN_EEG_Constr_2018.set,25,lateralorbitofrontalL,periodic,2,7.402985890785627,0.11373400363260311,1.0000000000000002,7.402985890785627,0.09062442329340811,0.5000000000000001
107,D0179_chirp-ST_postcomp_MN_EEG_Constr_2018.set,25,lateralorbitofrontalL,periodic,3,22.72381632256635,0.0401892889405846,5.8156463436218155,22.72381632256635,0.04030851501620334,2.9078231718109078
108,D0179_chirp-ST_postcomp_MN_EEG_Constr_2018.set,25,lateralorbitofrontalL,periodic,4,27.54623455500181,0.05889393788213049,1.0000000000000002,27.54623455500181,0.04863977199623163,0.5000000000000001
109,D0179_chirp-ST_postcomp_MN_EEG_Constr_2018.set,25,lateralorbitofrontalL,periodic,5,29.79781988277017,0.041166334419550754,1.0000000000000002,29.79781988277017,0.04276193499333765,0.5000000000000001
110,D0179_chirp-ST_postcomp_MN_EEG_Constr_2018.set,26,lateralorbitofrontalR,periodic,1,6.7857580346806605,0.07415664586859716,2.3991487467743284,6.7857580346806605,0.07534882804807322,1.1995743733871642
111,D0179_chirp-ST_postcomp_MN_EEG_Constr_2018.set,26,lateralorbitofrontalR,periodic,2,20.520452537034572,0.057487661563133674,3.6442047293671957,20.520452537034572,0.05732856693967443,1.8221023646835979
112,D0179_chirp-ST_postcomp_MN_EEG_Constr_2018.set,26,lateralorbitofrontalR,periodic,3,23.977513460101072,0.07884244030132814,1.0000000000000002,23.977513460101072,0.05138065911933224,0.5000000000000001
113,D0179_chirp-ST_postcomp_MN_EEG_Constr_2018.set,26,lateralorbitofrontalR,periodic,4,26.972281567161787,0.06455523990381185,3.742439460955569,26.972281567161787,0.06445941783312185,1.8712197304777844
114,D0179_chirp-ST_postcomp_MN_EEG_Constr_2018.set,26,lateralorbitofrontalR,periodic,5,31.881970474942218,0.0760102435423784,1.1374838059396168,31.881970474942218,0.07588241611563906,0.5687419029698084
115,D0179_chirp-ST_postcomp_MN_EEG_Constr_2018.set,27,lingualL,periodic,1,13.942384278573511,0.06017653935577272,1.0000000000000002,13.942384278573511,0.05605281758130469,0.5000000000000001
116,D0179_chirp-ST_postcomp_MN_EEG_Constr_2018.set,27,lingualL,periodic,2,15.577949933034201,0.07068452016151383,1.3447743652402366,15.577949933034201,0.07056892246847729,0.6723871826201183
117,D0179_chirp-ST_postcomp_MN_EEG_Constr_2018.set,27,lingualL,periodic,3,17.350836819866245,0.07579544100957358,1.0479939345732567,17.350836819866245,0.0770008608754831,0.5239969672866284
118,D0179_chirp-ST_postcomp_MN_EEG_Constr_2018.set,27,lingualL,periodic,4,19.94826132242199,0.08268398951039391,1.5764457794241593,19.94826132242199,0.08282718968710616,0.7882228897120797
119,D0179_chirp-ST_postcomp_MN_EEG_Constr_2018.set,27,lingualL,periodic,5,21.95823191057658,0.07712013037260856,1.0000000000000002,21.95823191057658,0.07458172107589771,0.5000000000000001
120,D0179_chirp-ST_postcomp_MN_EEG_Constr_2018.set,28,lingualR,periodic,1,18.427920591558905,0.09931275904258774,5.905943041635275,18.427920591558905,0.09934234894895616,2.9529715208176377
121,D0179_chirp-ST_postcomp_MN_EEG_Constr_2018.set,28,lingualR,periodic,2,21.726337854352785,0.06197562035519599,1.0000000000000002,21.726337854352785,0.004598280675932377,0.5000000000000001
122,D0179_chirp-ST_postcomp_MN_EEG_Constr_2018.set,28,lingualR,periodic,3,34.63683686804012,0.03131897524582916,1.0000000000000002,34.63683686804012,0.032514028323572725,0.5000000000000001
123,D0179_chirp-ST_postcomp_MN_EEG_Constr_2018.set,29,medialorbitofrontalL,periodic,1,6.00500449548143,0.1474526867276449,2.984050349094612,6.00500449548143,0.14745351618147534,1.492025174547306
124,D0179_chirp-ST_postcomp_MN_EEG_Constr_2018.set,29,medialorbitofrontalL,periodic,2,11.938341854082163,0.08520607168759398,1.1280089391223105,11.938341854082163,0.0856704469215712,0.5640044695611552
125,D0179_chirp-ST_postcomp_MN_EEG_Constr_2018.set,29,medialorbitofrontalL,periodic,3,21.371603082887724,0.05554336653030356,3.4346818299380826,21.371603082887724,0.05562828618262238,1.7173409149690413
126,D0179_chirp-ST_postcomp_MN_EEG_Constr_2018.set,29,medialorbitofrontalL,periodic,4,24.50381103897565,0.0694370640338291,1.6375609269732012,24.50381103897565,0.058852151143955186,0.8187804634866006
127,D0179_chirp-ST_postcomp_MN_EEG_Constr_2018.set,29,medialorbitofrontalL,periodic,5,27.293233577864786,0.06793110897279275,1.0537861680377536,27.293233577864786,0.07318662439741187,0.5268930840188768
128,D0179_chirp-ST_postcomp_MN_EEG_Constr_2018.set,30,medialorbitofrontalR,periodic,1,4.73113487472126,0.07895934707991481,1.0000000000000002,4.73113487472126,0.0788597908393748,0.5000000000000001
129,D0179_chirp-ST_postcomp_MN_EEG_Constr_2018.set,30,medialorbitofrontalR,periodic,2,6.64005981789312,0.0918839681178385,1.9380823241940976,6.64005981789312,0.09269609144179299,0.9690411620970488
130,D0179_chirp-ST_postcomp_MN_EEG_Constr_2018.set,30,medialorbitofrontalR,periodic,3,12.218718076403567,0.11051245633861484,1.5196445854275467,12.218718076403567,0.11518236319384349,0.7598222927137733
131,D0179_chirp-ST_postcomp_MN_EEG_Constr_2018.set,30,medialorbitofrontalR,periodic,4,21.398303215362542,0.07505504179892286,3.6239536541209647,21.398303215362542,0.05255291134293154,1.8119768270604824
132,D0179_chirp-ST_postcomp_MN_EEG_Constr_2018.set,30,medialorbitofrontalR,periodic,5,25.49381576470758,0.055230899758129226,6.24488132218879,25.49381576470758,0.0511768318927734,3.122440661094395
133,D0179_chirp-ST_postcomp_MN_EEG_Constr_2018.set,31,middletemporalL,periodic,1,5.80000151985589,0.06873680243185243,2.2632179838170154,5.80000151985589,0.06980354055022321,1.1316089919085077
134,D0179_chirp-ST_postcomp_MN_EEG_Constr_2018.set,31,middletemporalL,periodic,2,8.028522624679963,0.06671215974524536,1.0000000000000002,8.028522624679963,0.05625643746934858,0.5000000000000001
135,D0179_chirp-ST_postcomp_MN_EEG_Constr_2018.set,31,middletemporalL,periodic,3,12.747171919259454,0.07606853386186074,1.666070305649916,12.747171919259454,0.07949173579166367,0.833035152824958
136,D0179_chirp-ST_postcomp_MN_EEG_Constr_2018.set,31,middletemporalL,periodic,4,21.6069703992853,0.0718467864739969,3.4369328750677175,21.6069703992853,0.07198611602638402,1.7184664375338587
137,D0179_chirp-ST_postcomp_MN_EEG_Constr_2018.set,31,middletemporalL,periodic,5,25.402171759769608,0.08092848529291574,1.0000000000000002,25.402171759769608,0.07685418002267325,0.5000000000000001
138,D0179_chirp-ST_postcomp_MN_EEG_Constr_2018.set,32,middletemporalR,periodic,1,6.072432405204563,0.05527683001888306,3.0382794438146083,6.072432405204563,0.05533969614844632,1.5191397219073042
139,D0179_chirp-ST_postcomp_MN_EEG_Constr_2018.set,32,middletemporalR,periodic,2,18.451023338065912,0.10780026746317706,4.0954674294040565,18.451023338065912,0.09886238236187538,2.0477337147020283
140,D0179_chirp-ST_postcomp_MN_EEG_Constr_2018.set,32,middletemporalR,periodic,3,23.321948101296083,0.038945897820378494,5.888648534515297,23.321948101296083,0.034277995771959884,2.9443242672576484
141,D0179_chirp-ST_postcomp_MN_EEG_Constr_2018.set,32,middletemporalR,periodic,4,36.10484938812598,0.06059094323169223,1.0000000000000002,36.10484938812598,0.05975453429318153,0.5000000000000001
142,D0179_chirp-ST_postcomp_MN_EEG_Constr_2018.set,32,middletemporalR,periodic,5,37.58781270229355,0.06840153643891123,1.2070802904594482,37.58781270229355,0.06789792328603825,0.6035401452297241
143,D0179_chirp-ST_postcomp_MN_EEG_Constr_2018.set,33,paracentralL,periodic,1,5.698598252160207,0.1088760183430475,2.1743628849944256,5.698598252160207,0.1107075405113913,1.0871814424972128
144,D0179_chirp-ST_postcomp_MN_EEG_Constr_2018.set,33,paracentralL,periodic,2,15.464294782740064,0.09255594546058754,1.3467276628107423,15.464294782740064,0.07468436848666458,0.6733638314053711
145,D0179_chirp-ST_postcomp_MN_EEG_Constr_2018.set,33,paracentralL,periodic,3,21.44025966719944,0.1078198202312124,6.276284548995784,21.44025966719944,0.10783935903499052,3.138142274497892
146,D0179_chirp-ST_postcomp_MN_EEG_Constr_2018.set,33,paracentralL,periodic,4,27.077660033561383,0.11626597973188169,1.0000000000000002,27.077660033561383,0.09191772151672144,0.5000000000000001
147,D0179_chirp-ST_postcomp_MN_EEG_Constr_2018.set,33,paracentralL,periodic,5,29.858601557355076,0.08830353936008573,2.2054992104752857,29.858601557355076,0.08639755869749556,1.1027496052376429
148,D0179_chirp-ST_postcomp_MN_EEG_Constr_2018.set,34,paracentralR,periodic,1,20.917647405651994,0.14146651457831538,6.333820382201487,20.917647405651994,0.14150936761361313,3.1669101911007433
149,D0179_chirp-ST_postcomp_MN_EEG_Constr_2018.set,34,paracentralR,periodic,2,23.343599422228074,0.1302031689008869,1.121342748933822,23.343599422228074,0.02979908330176826,0.560671374466911
150,D0179_chirp-ST_postcomp_MN_EEG_Constr_2018.set,34,paracentralR,periodic,3,26.984707654521415,0.1122003217061156,1.0000000000001172,26.984707654521415,0.07989275255782109,0.5000000000000586
151,D0179_chirp-ST_postcomp_MN_EEG_Constr_2018.set,34,paracentralR,periodic,4,30.939324886372187,0.07594707264044631,3.9204362296883644,30.939324886372187,0.07509208687537888,1.9602181148441822
152,D0179_chirp-ST_postcomp_MN_EEG_Constr_2018.set,35,parahippocampalL,periodic,1,6.885045531877725,0.05825571403635443,1.7135700021860631,6.885045531877725,0.058782425156511574,0.8567850010930316
153,D0179_chirp-ST_postcomp_MN_EEG_Constr_2018.set,35,parahippocampalL,periodic,2,19.99790994152076,0.0639245660005896,1.0000000000000002,19.99790994152076,0.054565693509573084,0.5000000000000001
154,D0179_chirp-ST_postcomp_MN_EEG_Constr_2018.set,35,parahippocampalL,periodic,3,22.263357108028686,0.059305114677299375,2.3427621218932297,22.263357108028686,0.06052752975128206,1.1713810609466149
155,D0179_chirp-ST_postcomp_MN_EEG_Constr_2018.set,35,parahippocampalL,periodic,4,25.4903139705921,0.0749633389573594,1.0000000000000002,25.4903139705921,0.0736464131010798,0.5000000000000001
156,D0179_chirp-ST_postcomp_MN_EEG_Constr_2018.set,35,parahippocampalL,periodic,5,34.387705011531395,0.035550123902077235,1.0000000000000002,34.387705011531395,0.03645811146296845,0.5000000000000001
157,D0179_chirp-ST_postcomp_MN_EEG_Constr_2018.set,36,parahippocampalR,periodic,1,17.348681080854334,0.08572160951124363,3.2475435951226768,17.348681080854334,0.08609275841228685,1.6237717975613384
158,D0179_chirp-ST_postcomp_MN_EEG_Constr_2018.set,36,parahippocampalR,periodic,2,20.153015241271582,0.10809715333941927,1.1416197350503061,20.153015241271582,0.08837311013209712,0.5708098675251531
159,D0179_chirp-ST_postcomp_MN_EEG_Constr_2018.set,36,parahippocampalR,periodic,3,21.87300894350131,0.06912327946835406,1.0000016168609285,21.87300894350131,0.0656001571393079,0.5000008084304642
160,D0179_chirp-ST_postcomp_MN_EEG_Constr_2018.set,36,parahippocampalR,periodic,4,25.517396825425237,0.049802065042836574,3.0869366917105587,25.517396825425237,0.0498049383195038,1.5434683458552794
161,D0179_chirp-ST_postcomp_MN_EEG_Constr_2018.set,36,parahippocampalR,periodic,5,34.512993228650444,0.03412644579587232,1.0000000000000002,34.512993228650444,0.034137968265297934,0.5000000000000001
162,D0179_chirp-ST_postcomp_MN_EEG_Constr_2018.set,37,parsopercularisL,periodic,1,6.545334032282428,0.11043786945495704,2.104384872247724,6.545334032282428,0.11054042232750673,1.052192436123862
163,D0179_chirp-ST_postcomp_MN_EEG_Constr_2018.set,37,parsopercularisL,periodic,2,20.402222270717154,0.1010089924570936,1.0000000000000002,20.402222270717154,0.07362326560602869,0.5000000000000001
164,D0179_chirp-ST_postcomp_MN_EEG_Constr_2018.set,37,parsopercularisL,periodic,3,22.45562114362043,0.13276859504195793,1.0000000000000002,22.45562114362043,0.06905946830647929,0.5000000000000001
165,D0179_chirp-ST_postcomp_MN_EEG_Constr_2018.set,37,parsopercularisL,periodic,4,24.438388418347287,0.08260284449367905,5.421141464045741,24.438388418347287,0.08260800214681108,2.7105707320228705
166,D0179_chirp-ST_postcomp_MN_EEG_Constr_2018.set,37,parsopercularisL,periodic,5,29.75420961635331,0.06338757673855788,1.0000000000000002,29.75420961635331,0.0601700994543962,0.5000000000000001
167,D0179_chirp-ST_postcomp_MN_EEG_Constr_2018.set,38,parsopercularisR,periodic,1,6.16261298616159,0.13736759477363547,2.9775706594852593,6.16261298616159,0.13818945216566142,1.4887853297426297
168,D0179_chirp-ST_postcomp_MN_EEG_Constr_2018.set,38,parsopercularisR,periodic,2,21.099978877455104,0.09142724866791063,4.726251463925117,21.099978877455104,0.09148200035726255,2.3631257319625587
169,D0179_chirp-ST_postcomp_MN_EEG_Constr_2018.set,38,parsopercularisR,periodic,3,23.88028129665176,0.10732151488132802,1.0000000000331974,23.88028129665176,0.06343064358092242,0.5000000000165987
170,D0179_chirp-ST_postcomp_MN_EEG_Constr_2018.set,38,parsopercularisR,periodic,4,26.492035686022092,0.08134705919459329,1.744881023203799,26.492035686022092,0.06121369750583562,0.8724405116018995
171,D0179_chirp-ST_postcomp_MN_EEG_Constr_2018.set,38,parsopercularisR,periodic,5,30.047965391049264,0.041510800123818026,4.725332672275447,30.047965391049264,0.04142437257857645,2.3626663361377234
172,D0179_chirp-ST_postcomp_MN_EEG_Constr_2018.set,39,parsorbitalisL,periodic,1,6.951492105200557,0.09635482849650545,1.5003441758837963,6.951492105200557,0.0965564795931635,0.7501720879418982
173,D0179_chirp-ST_postcomp_MN_EEG_Constr_2018.set,39,parsorbitalisL,periodic,2,11.537809468309835,0.07461465758265806,1.0000000000000002,11.537809468309835,0.07482828838033757,0.5000000000000001
174,D0179_chirp-ST_postcomp_MN_EEG_Constr_2018.set,39,parsorbitalisL,periodic,3,20.143852691701927,0.07403398245020965,1.4905573029681793,20.143852691701927,0.0709037330767898,0.7452786514840897
175,D0179_chirp-ST_postcomp_MN_EEG_Constr_2018.set,39,parsorbitalisL,periodic,4,22.224382097836294,0.0886877264628847,1.0000000000000002,22.224382097836294,0.07251887567674771,0.5000000000000001
176,D0179_chirp-ST_postcomp_MN_EEG_Constr_2018.set,39,parsorbitalisL,periodic,5,25.596835677879827,0.057303637596583634,4.947371818977943,25.596835677879827,0.05734756139847472,2.4736859094889714
177,D0179_chirp-ST_postcomp_MN_EEG_Constr_2018.set,40,parsorbitalisR,periodic,1,5.638839177634208,0.047666628572963,2.784838263951712,5.638839177634208,0.04790417254069715,1.392419131975856
178,D0179_chirp-ST_postcomp_MN_EEG_Constr_2018.set,40,parsorbitalisR,periodic,2,12.871591144557549,0.045432953599839454,2.217790571089723,12.871591144557549,0.045718434732515016,1.1088952855448615
179,D0179_chirp-ST_postcomp_MN_EEG_Constr_2018.set,40,parsorbitalisR,periodic,3,24.083992612107554,0.06389912538137921,1.0000000000000002,24.083992612107554,0.04519545728142303,0.5000000000000001
180,D0179_chirp-ST_postcomp_MN_EEG_Constr_2018.set,40,parsorbitalisR,periodic,4,28.0983615494025,0.07033260360660076,1.0000000000000002,28.0983615494025,0.03487490407056384,0.5000000000000001
181,D0179_chirp-ST_postcomp_MN_EEG_Constr_2018.set,40,parsorbitalisR,periodic,5,28.500000000000004,0.06166732248957274,7.999999999999999,28.500000000000004,0.0364093815363372,3.9999999999999996
182,D0179_chirp-ST_postcomp_MN_EEG_Constr_2018.set,41,parstriangularisL,periodic,1,6.588284359085806,0.15719898849429503,2.1884161033241867,6.588284359085806,0.15771148789154502,1.0942080516620933
183,D0179_chirp-ST_postcomp_MN_EEG_Constr_2018.set,41,parstriangularisL,periodic,2,13.561498698866176,0.05498470282061696,1.0000000000000002,13.561498698866176,0.05533578539037615,0.5000000000000001
184,D0179_chirp-ST_postcomp_MN_EEG_Constr_2018.set,41,parstriangularisL,periodic,3,20.239980387825078,0.06915198727683958,1.0000000000000493,20.239980387825078,0.05625023320765445,0.5000000000000246
185,D0179_chirp-ST_postcomp_MN_EEG_Constr_2018.set,41,parstriangularisL,periodic,4,22.566162025391506,0.11177700499487075,1.7269692268542784,22.566162025391506,0.06094274662314845,0.8634846134271392
186,D0179_chirp-ST_postcomp_MN_EEG_Constr_2018.set,41,parstriangularisL,periodic,5,25.307833978137406,0.07604533441801564,6.2890437685934275,25.307833978137406,0.07599738211795448,3.1445218842967138
187,D0179_chirp-ST_postcomp_MN_EEG_Constr_2018.set,42,parstriangularisR,periodic,1,4.83030036925463,0.14252157054159942,1.0000000000000002,4.83030036925463,0.08115837980422128,0.5000000000000001
188,D0179_chirp-ST_postcomp_MN_EEG_Constr_2018.set,42,parstriangularisR,periodic,2,6.784344535032982,0.1967312759815889,2.3953697905122775,6.784344535032982,0.19993972656358616,1.1976848952561387
189,D0179_chirp-ST_postcomp_MN_EEG_Constr_2018.set,42,parstriangularisR,periodic,3,20.817770861239566,0.11758685751124398,4.100829155478951,20.817770861239566,0.11440950871659422,2.0504145777394753
190,D0179_chirp-ST_postcomp_MN_EEG_Constr_2018.set,42,parstriangularisR,periodic,4,24.374689437192483,0.14180722220377362,1.0618386561347046,24.374689437192483,0.08799404638849385,0.5309193280673523
191,D0179_chirp-ST_postcomp_MN_EEG_Constr_2018.set,42,parstriangularisR,periodic,5,28.797222275552013,0.08788496240450705,6.174898257394028,28.797222275552013,0.08803477065746224,3.087449128697014
192,D0179_chirp-ST_postcomp_MN_EEG_Constr_2018.set,43,pericalcarineL,periodic,1,13.895349994907477,0.075576383528698,1.0000000000000002,13.895349994907477,0.06280926405069115,0.5000000000000001
193,D0179_chirp-ST_postcomp_MN_EEG_Constr_2018.set,43,pericalcarineL,periodic,2,15.653877520638146,0.07009839889387326,1.8432831212271132,15.653877520638146,0.0706861636200418,0.9216415606135566
194,D0179_chirp-ST_postcomp_MN_EEG_Constr_2018.set,43,pericalcarineL,periodic,3,17.481937800124822,0.07866054749060192,1.0000000000000002,17.481937800124822,0.067441805944368,0.5000000000000001
195,D0179_chirp-ST_postcomp_MN_EEG_Constr_2018.set,43,pericalcarineL,periodic,4,19.878789984615736,0.08477189465202173,1.7063357083101267,19.878789984615736,0.08559058053420897,0.8531678541550634
196,D0179_chirp-ST_postcomp_MN_EEG_Constr_2018.set,43,pericalcarineL,periodic,5,21.93081685834191,0.0715801605666333,1.0000000000000002,21.93081685834191,0.06833973495707318,0.5000000000000001
197,D0179_chirp-ST_postcomp_MN_EEG_Constr_2018.set,44,pericalcarineR,periodic,1,16.69521290409174,0.0893011796067058,3.9024212844072923,16.69521290409174,0.0897490786598849,1.9512106422036462
198,D0179_chirp-ST_postcomp_MN_EEG_Constr_2018.set,44,pericalcarineR,periodic,2,19.939152999947922,0.1005506832504186,1.3386271070518143,19.939152999947922,0.07940402874439592,0.6693135535259072
199,D0179_chirp-ST_postcomp_MN_EEG_Constr_2018.set,44,pericalcarineR,periodic,3,21.774513723573484,0.04666033087217736,1.0000000000000002,21.774513723573484,0.04841982285712845,0.5000000000000001
200,D0179_chirp-ST_postcomp_MN_EEG_Constr_2018.set,44,pericalcarineR,periodic,4,35.78907364209826,0.028007654596399867,2.37604403359817,35.78907364209826,0.02845257919751747,1.188022016799085
201,D0179_chirp-ST_postcomp_MN_EEG_Constr_2018.set,45,postcentralL,periodic,1,6.810217042296564,0.09861840011827683,1.0000000000000002,6.810217042296564,0.10597625503086329,0.5000000000000001
202,D0179_chirp-ST_postcomp_MN_EEG_Constr_2018.set,45,postcentralL,periodic,2,13.889059477412351,0.07142452732463944,1.0000000000000002,13.889059477412351,0.06476668862385875,0.5000000000000001
203,D0179_chirp-ST_postcomp_MN_EEG_Constr_2018.set,45,postcentralL,periodic,3,16.040929449178257,0.059898679079997574,1.1420953980797588,16.040929449178257,0.033830341646084165,0.5710476990398794
204,D0179_chirp-ST_postcomp_MN_EEG_Constr_2018.set,45,postcentralL,periodic,4,21.31251896636186,0.09572794856063327,6.590846179210836,21.31251896636186,0.09588299169295729,3.295423089605418
205,D0179_chirp-ST_postcomp_MN_EEG_Constr_2018.set,45,postcentralL,periodic,5,30.35525699360938,0.07294196043351642,1.0000000000000002,30.35525699360938,0.07401149554919166,0.5000000000000001
206,D0179_chirp-ST_postcomp_MN_EEG_Constr_2018.set,46,postcentralR,periodic,1,5.971974987447363,0.062298913723565885,2.826371513531605,5.971974987447363,0.062311165140071754,1.4131857567658026
207,D0179_chirp-ST_postcomp_MN_EEG_Constr_2018.set,46,postcentralR,periodic,2,16.798917613407152,0.09450605001048773,1.0000000000000002,16.798917613407152,0.06580042956185314,0.5000000000000001
208,D0179_chirp-ST_postcomp_MN_EEG_Constr_2018.set,46,postcentralR,periodic,3,20.514340464897646,0.18378095547873574,3.8199354473026856,20.514340464897646,0.18378613573226635,1.9099677236513428
209,D0179_chirp-ST_postcomp_MN_EEG_Constr_2018.set,46,postcentralR,periodic,4,24.588714371427134,0.08678994629564185,1.1169626159731143,24.588714371427134,0.0667957562093538,0.5584813079865572
210,D0179_chirp-ST_postcomp_MN_EEG_Constr_2018.set,46,postcentralR,periodic,5,30.341254966999262,0.05188553725006351,1.0000000000000002,30.341254966999262,0.05456736247450561,0.5000000000000001
211,D0179_chirp-ST_postcomp_MN_EEG_Constr_2018.set,47,posteriorcingulateL,periodic,1,6.352185552076598,0.10310680846471598,1.623467129320946,6.352185552076598,0.10482428780163064,0.811733564660473
212,D0179_chirp-ST_postcomp_MN_EEG_Constr_2018.set,47,posteriorcingulateL,periodic,2,20.18385374493667,0.06231635312896966,6.371381576108233,20.18385374493667,0.06240753836305932,3.1856907880541163
213,D0179_chirp-ST_postcomp_MN_EEG_Constr_2018.set,47,posteriorcingulateL,periodic,3,22.054960564198815,0.11147617575668267,1.0000000000000002,22.054960564198815,0.058738937606655786,0.5000000000000001
214,D0179_chirp-ST_postcomp_MN_EEG_Constr_2018.set,47,posteriorcingulateL,periodic,4,26.949407660301482,0.06367363399960535,2.6127154722321366,26.949407660301482,0.057390186846819034,1.3063577361160683
215,D0179_chirp-ST_postcomp_MN_EEG_Constr_2018.set,47,posteriorcingulateL,periodic,5,29.517503881284078,0.06734927831466297,1.0000000000000002,29.517503881284078,0.057985193663725454,0.5000000000000001
216,D0179_chirp-ST_postcomp_MN_EEG_Constr_2018.set,48,posteriorcingulateR,periodic,1,6.3679731897527425,0.09340583027330318,1.318726458982249,6.3679731897527425,0.09529188875692451,0.6593632294911245
217,D0179_chirp-ST_postcomp_MN_EEG_Constr_2018.set,48,posteriorcingulateR,periodic,2,19.994963185693045,0.06587648891427422,6.210468690432321,19.994963185693045,0.06586399747734416,3.1052343452161604
218,D0179_chirp-ST_postcomp_MN_EEG_Constr_2018.set,48,posteriorcingulateR,periodic,3,22.045044635541675,0.10709396605836696,1.0000000000000002,22.045044635541675,0.05379099880269762,0.5000000000000001
219,D0179_chirp-ST_postcomp_MN_EEG_Constr_2018.set,48,posteriorcingulateR,periodic,4,26.784410885530537,0.057669189762855844,2.5638294295235657,26.784410885530537,0.05324561182998951,1.2819147147617829
220,D0179_chirp-ST_postcomp_MN_EEG_Constr_2018.set,48,posteriorcingulateR,periodic,5,29.556667689210673,0.06472709193988413,1.0000000000000002,29.556667689210673,0.058848517793381135,0.5000000000000001
221,D0179_chirp-ST_postcomp_MN_EEG_Constr_2018.set,49,precentralL,periodic,1,6.8567777732974236,0.11376544166221692,2.005526999037953,6.8567777732974236,0.11493161794830328,1.0027634995189765
222,D0179_chirp-ST_postcomp_MN_EEG_Constr_2018.set,49,precentralL,periodic,2,20.68593896635555,0.07523524095326017,5.342882164774258,20.68593896635555,0.07541603457900231,2.671441082387129
223,D0179_chirp-ST_postcomp_MN_EEG_Constr_2018.set,49,precentralL,periodic,3,22.748268018265403,0.09598634324136279,1.0000000000000002,22.748268018265403,0.04081552283959979,0.5000000000000001
224,D0179_chirp-ST_postcomp_MN_EEG_Constr_2018.set,49,precentralL,periodic,4,26.612678534821445,0.05846510232289903,2.0572937476996778,26.612678534821445,0.05171253397843775,1.0286468738498389
225,D0179_chirp-ST_postcomp_MN_EEG_Constr_2018.set,49,precentralL,periodic,5,30.33714611012888,0.0799524200381807,1.1504135315159776,30.33714611012888,0.08308718558451453,0.5752067657579888
226,D0179_chirp-ST_postcomp_MN_EEG_Constr_2018.set,50,precentralR,periodic,1,4.9550603296565034,0.13758011249049518,1.1024496465891707,4.9550603296565034,0.11111655685236697,0.5512248232945853
227,D0179_chirp-ST_postcomp_MN_EEG_Constr_2018.set,50,precentralR,periodic,2,7.122312271271316,0.09862384848001193,2.627471083669786,7.122312271271316,0.09893763146533856,1.313735541834893
228,D0179_chirp-ST_postcomp_MN_EEG_Constr_2018.set,50,precentralR,periodic,3,19.65087103683258,0.17370985181952037,3.3029673254657657,19.65087103683258,0.17403723147179678,1.6514836627328828
229,D0179_chirp-ST_postcomp_MN_EEG_Constr_2018.set,50,precentralR,periodic,4,22.09883935262237,0.16078131144411456,1.5660854803904352,22.09883935262237,0.0979618897826712,0.7830427401952176
230,D0179_chirp-ST_postcomp_MN_EEG_Constr_2018.set,50,precentralR,periodic,5,24.29479314979672,0.08800719373924526,1.366205710531674,24.29479314979672,0.0886943708468825,0.683102855265837
231,D0179_chirp-ST_postcomp_MN_EEG_Constr_2018.set,51,precuneusL,periodic,1,13.837872007416879,0.05813054361332659,1.0000000000000002,13.837872007416879,0.044805634530454816,0.5000000000000001
232,D0179_chirp-ST_postcomp_MN_EEG_Constr_2018.set,51,precuneusL,periodic,2,15.926683238315537,0.08585152570874799,1.4172350517058865,15.926683238315537,0.03829394589674552,0.7086175258529432
233,D0179_chirp-ST_postcomp_MN_EEG_Constr_2018.set,51,precuneusL,periodic,3,18.309414847241822,0.0795729582278506,4.751183345799857,18.309414847241822,0.07531099223803815,2.3755916728999287
234,D0179_chirp-ST_postcomp_MN_EEG_Constr_2018.set,51,precuneusL,periodic,4,21.795469006071293,0.05916035054554669,1.0000000000000002,21.795469006071293,0.01888683756425572,0.5000000000000001
235,D0179_chirp-ST_postcomp_MN_EEG_Constr_2018.set,51,precuneusL,periodic,5,24.999999999999996,0.03005633146352249,6.738039852663224,24.999999999999996,0.028629282471778036,3.369019926331612
236,D0179_chirp-ST_postcomp_MN_EEG_Constr_2018.set,52,precuneusR,periodic,1,13.142674704289695,0.06335801574092148,1.3751030668594133,13.142674704289695,0.061314863659264626,0.6875515334297067
237,D0179_chirp-ST_postcomp_MN_EEG_Constr_2018.set,52,precuneusR,periodic,2,15.543515218493669,0.10479232665537674,1.0000000000000002,15.543515218493669,0.04818935348327621,0.5000000000000001
238,D0179_chirp-ST_postcomp_MN_EEG_Constr_2018.set,52,precuneusR,periodic,3,16.870880703765327,0.08531076705088925,3.044510004266904,16.870880703765327,0.0849232794407474,1.522255002133452
239,D0179_chirp-ST_postcomp_MN_EEG_Constr_2018.set,52,precuneusR,periodic,4,19.958843880594422,0.07295251795257007,1.0000000000000002,19.958843880594422,0.06249525112373195,0.5000000000000001
240,D0179_chirp-ST_postcomp_MN_EEG_Constr_2018.set,52,precuneusR,periodic,5,21.933164235405194,0.09542301126568287,1.1682290728263294,21.933164235405194,0.09574177394000143,0.5841145364131647
241,D0179_chirp-ST_postcomp_MN_EEG_Constr_2018.set,53,rostralanteriorcingulateL,periodic,1,6.153116812729547,0.1503077038508831,2.7428626430238627,6.153116812729547,0.1512474335820724,1.3714313215119314
242,D0179_chirp-ST_postcomp_MN_EEG_Constr_2018.set,53,rostralanteriorcingulateL,periodic,2,18.68176614319712,0.0667502834311926,1.0000000000000002,18.68176614319712,0.06593886464733022,0.5000000000000001
243,D0179_chirp-ST_postcomp_MN_EEG_Constr_2018.set,53,rostralanteriorcingulateL,periodic,3,20.994762716367138,0.11333619757664826,1.3076627651052155,20.994762716367138,0.07733819715320138,0.6538313825526078
244,D0179_chirp-ST_postcomp_MN_EEG_Constr_2018.set,53,rostralanteriorcingulateL,periodic,4,23.949837678369565,0.08172914987784496,4.60650604831247,23.949837678369565,0.08174653544332885,2.303253024156235
245,D0179_chirp-ST_postcomp_MN_EEG_Constr_2018.set,54,rostralanteriorcingulateR,periodic,1,4.727106950056304,0.12253339048910172,1.0160925225585882,4.727106950056304,0.11872631907920884,0.5080462612792941
246,D0179_chirp-ST_postcomp_MN_EEG_Constr_2018.set,54,rostralanteriorcingulateR,periodic,2,6.7428229062912655,0.158661518349422,2.056632336551441,6.7428229062912655,0.16287036330810567,1.0283161682757205
247,D0179_chirp-ST_postcomp_MN_EEG_Constr_2018.set,54,rostralanteriorcingulateR,periodic,3,21.09533742834558,0.11172037853842776,3.868214211337488,21.09533742834558,0.11185560203719887,1.934107105668744
248,D0179_chirp-ST_postcomp_MN_EEG_Constr_2018.set,54,rostralanteriorcingulateR,periodic,4,24.311771271100614,0.13415410762743774,1.3419276109930884,24.311771271100614,0.11430665118364033,0.6709638054965442
249,D0179_chirp-ST_postcomp_MN_EEG_Constr_2018.set,54,rostralanteriorcingulateR,periodic,5,26.916831465342227,0.06623396876537768,1.5486240691253905,26.916831465342227,0.06551471190040295,0.7743120345626953
250,D0179_chirp-ST_postcomp_MN_EEG_Constr_2018.set,55,rostralmiddlefrontalL,periodic,1,5.971837420081719,0.12814455957398252,2.7303884070471693,5.971837420081719,0.1281718268767253,1.3651942035235847
251,D0179_chirp-ST_postcomp_MN_EEG_Constr_2018.set,55,rostralmiddlefrontalL,periodic,2,23.96262074483134,0.04740397405588448,6.154886590996859,23.96262074483134,0.04740747094564728,3.0774432954984294
252,D0179_chirp-ST_postcomp_MN_EEG_Constr_2018.set,55,rostralmiddlefrontalL,periodic,3,29.831879145839373,0.03616594206941004,1.0000000000000002,29.831879145839373,0.030946800507574614,0.5000000000000001
253,D0179_chirp-ST_postcomp_MN_EEG_Constr_2018.set,55,rostralmiddlefrontalL,periodic,4,37.1923061168268,0.05801648052803143,1.0000000000000002,37.1923061168268,0.062423056942689625,0.5000000000000001
254,D0179_chirp-ST_postcomp_MN_EEG_Constr_2018.set,55,rostralmiddlefrontalL,periodic,5,39.28240678270827,0.05085685088714875,1.197129617046601,39.28240678270827,0.0543290044609902,0.5985648085233005
255,D0179_chirp-ST_postcomp_MN_EEG_Constr_2018.set,56,rostralmiddlefrontalR,periodic,1,6.719536002343231,0.14945529552148162,3.30729464392715,6.719536002343231,0.15077816812983771,1.653647321963575
256,D0179_chirp-ST_postcomp_MN_EEG_Constr_2018.set,56,rostralmiddlefrontalR,periodic,2,22.569700710063188,0.10465580475903868,3.6923759427770775,22.569700710063188,0.0862025895323882,1.8461879713885387
257,D0179_chirp-ST_postcomp_MN_EEG_Constr_2018.set,56,rostralmiddlefrontalR,periodic,3,26.54796540073953,0.04375464031434273,7.358338595682136,26.54796540073953,0.03391386752227317,3.679169297841068
258,D0179_chirp-ST_postcomp_MN_EEG_Constr_2018.set,56,rostralmiddlefrontalR,periodic,4,28.917067739487315,0.07535683378181002,1.7137871534707172,28.917067739487315,0.04822222914302708,0.8568935767353586
259,D0179_chirp-ST_postcomp_MN_EEG_Constr_2018.set,56,rostralmiddlefrontalR,periodic,5,31.59442696048495,0.05935818720242825,1.000000000000126,31.59442696048495,0.0459479866601764,0.500000000000063
260,D0179_chirp-ST_postcomp_MN_EEG_Constr_2018.set,57,superiorfrontalL,periodic,1,4.851999021612406,0.13153255827060706,1.0000000000000002,4.851999021612406,0.12228685085180108,0.5000000000000001
261,D0179_chirp-ST_postcomp_MN_EEG_Constr_2018.set,57,superiorfrontalL,periodic,2,6.3565209245007495,0.2243568956962183,1.0272533070807663,6.3565209245007495,0.11946077561928949,0.5136266535403832
262,D0179_chirp-ST_postcomp_MN_EEG_Constr_2018.set,57,superiorfrontalL,periodic,3,7.431365427917506,0.17167907546931538,2.0907062214571415,7.431365427917506,0.16200537759428685,1.0453531107285707
263,D0179_chirp-ST_postcomp_MN_EEG_Constr_2018.set,57,superiorfrontalL,periodic,4,18.615082863699616,0.09835704733088635,1.0000000000000002,18.615082863699616,0.037901468385947205,0.5000000000000001
264,D0179_chirp-ST_postcomp_MN_EEG_Constr_2018.set,57,superiorfrontalL,periodic,5,22.34954108824038,0.16447440260553314,5.482316671851225,22.34954108824038,0.16472235200452348,2.7411583359256126
265,D0179_chirp-ST_postcomp_MN_EEG_Constr_2018.set,58,superiorfrontalR,periodic,1,4.805735759042679,0.14606823120943258,1.0000000000000002,4.805735759042679,0.07946270225103512,0.5000000000000001
266,D0179_chirp-ST_postcomp_MN_EEG_Constr_2018.set,58,superiorfrontalR,periodic,2,6.8951734711267445,0.21728118677695063,2.5524659166457493,6.8951734711267445,0.2180092487031459,1.2762329583228746
267,D0179_chirp-ST_postcomp_MN_EEG_Constr_2018.set,58,superiorfrontalR,periodic,3,22.011859560568816,0.19330802019172033,6.053547155272396,22.011859560568816,0.19330950407202574,3.026773577636198
268,D0179_chirp-ST_postcomp_MN_EEG_Constr_2018.set,59,superiorparietalL,periodic,1,14.083713288250124,0.12830510300537057,1.0000000000000002,14.083713288250124,0.10971826943599573,0.5000000000000001
269,D0179_chirp-ST_postcomp_MN_EEG_Constr_2018.set,59,superiorparietalL,periodic,2,16.11492835456365,0.12892005307583077,1.6576314435269377,16.11492835456365,0.09288912136631192,0.8288157217634688
270,D0179_chirp-ST_postcomp_MN_EEG_Constr_2018.set,59,superiorparietalL,periodic,3,18.335166386168407,0.11687715759341,1.0000000000000002,18.335166386168407,0.05231864814436787,0.5000000000000001
271,D0179_chirp-ST_postcomp_MN_EEG_Constr_2018.set,59,superiorparietalL,periodic,4,20.350617491217893,0.07479958520748564,7.308140427257021,20.350617491217893,0.07485758861130917,3.6540702136285104
272,D0179_chirp-ST_postcomp_MN_EEG_Constr_2018.set,60,superiorparietalR,periodic,1,3.0000000000000004,0.11512087168901397,2.498011263528704,3.0000000000000004,0.11512087168901404,1.249005631764352
273,D0179_chirp-ST_postcomp_MN_EEG_Constr_2018.set,60,superiorparietalR,periodic,2,16.41843083691285,0.09250729113818101,2.880443778379962,16.41843083691285,0.09265577781215736,1.440221889189981
274,D0179_chirp-ST_postcomp_MN_EEG_Constr_2018.set,60,superiorparietalR,periodic,3,19.987451503268264,0.06414799294984075,1.0000000000000002,19.987451503268264,0.0598472772708838,0.5000000000000001
275,D0179_chirp-ST_postcomp_MN_EEG_Constr_2018.set,60,superiorparietalR,periodic,4,22.01733748713017,0.09486702474943431,1.0991658837671143,22.01733748713017,0.0948453036096578,0.5495829418835572
276,D0179_chirp-ST_postcomp_MN_EEG_Constr_2018.set,61,superiortemporalL,periodic,1,4.7393966129073,0.08604757264503116,1.0420180959191796,4.7393966129073,0.09478143392392804,0.5210090479595898
277,D0179_chirp-ST_postcomp_MN_EEG_Constr_2018.set,61,superiortemporalL,periodic,2,6.36262045897863,0.1897605430358178,1.1225002565621525,6.36262045897863,0.18743484962538365,0.5612501282810762
278,D0179_chirp-ST_postcomp_MN_EEG_Constr_2018.set,61,superiortemporalL,periodic,3,7.996976657623107,0.12064126811504128,1.2764588351375175,7.996976657623107,0.11793690010095124,0.6382294175687587
279,D0179_chirp-ST_postcomp_MN_EEG_Constr_2018.set,61,superiortemporalL,periodic,4,22.903356953583216,0.09842284848661498,7.620324112066777,22.903356953583216,0.0984543910903669,3.8101620560333886
280,D0179_chirp-ST_postcomp_MN_EEG_Constr_2018.set,61,superiortemporalL,periodic,5,25.50535337611788,0.11290920590539111,1.0000000000000102,25.50535337611788,0.034859683058310824,0.5000000000000051
281,D0179_chirp-ST_postcomp_MN_EEG_Constr_2018.set,62,superiortemporalR,periodic,1,6.405654236558336,0.10410690080089391,1.8331392616094568,6.405654236558336,0.10465988677268734,0.9165696308047284
282,D0179_chirp-ST_postcomp_MN_EEG_Constr_2018.set,62,superiortemporalR,periodic,2,19.299801345484674,0.09838556372639351,2.711061889779473,19.299801345484674,0.08639362741735931,1.3555309448897366
283,D0179_chirp-ST_postcomp_MN_EEG_Constr_2018.set,62,superiortemporalR,periodic,3,22.037929192892978,0.11223233457829851,1.0000000000000002,22.037929192892978,0.05725346853417919,0.5000000000000001
284,D0179_chirp-ST_postcomp_MN_EEG_Constr_2018.set,62,superiortemporalR,periodic,4,24.929098296324003,0.07103027253360672,5.882189522963014,24.929098296324003,0.07103841879267017,2.941094761481507
285,D0179_chirp-ST_postcomp_MN_EEG_Constr_2018.set,62,superiortemporalR,periodic,5,37.49171216733504,0.0802916770126032,1.0000000000000002,37.49171216733504,0.08029504334613562,0.5000000000000001
286,D0179_chirp-ST_postcomp_MN_EEG_Constr_2018.set,63,supramarginalL,periodic,1,4.946250933197837,0.06435033445920535,1.0000000000000002,4.946250933197837,0.06269281350083658,0.5000000000000001
287,D0179_chirp-ST_postcomp_MN_EEG_Constr_2018.set,63,supramarginalL,periodic,2,6.649815164792301,0.1206874334371677,1.1494026568999225,6.649815164792301,0.1243396443363027,0.5747013284499612
288,D0179_chirp-ST_postcomp_MN_EEG_Constr_2018.set,63,supramarginalL,periodic,3,21.85522203879508,0.0999862376471965,5.746204416829339,21.85522203879508,0.10011323764595562,2.8731022084146693
289,D0179_chirp-ST_postcomp_MN_EEG_Constr_2018.set,63,supramarginalL,periodic,4,26.518661138008397,0.06315137335499621,1.7019836990537607,26.518661138008397,0.03166463788578927,0.8509918495268803
290,D0179_chirp-ST_postcomp_MN_EEG_Constr_2018.set,63,supramarginalL,periodic,5,29.290754113609974,0.06343225530609908,2.4306590961711834,29.290754113609974,0.061361824568093214,1.2153295480855917
291,D0179_chirp-ST_postcomp_MN_EEG_Constr_2018.set,64,supramarginalR,periodic,1,6.119359337537664,0.054759819234064366,2.987814882281647,6.119359337537664,0.05493481651441696,1.4939074411408235
292,D0179_chirp-ST_postcomp_MN_EEG_Constr_2018.set,64,supramarginalR,periodic,2,20.218283737971614,0.13682458767845906,5.266362243828078,20.218283737971614,0.13729552355785643,2.633181121914039
293,D0179_chirp-ST_postcomp_MN_EEG_Constr_2018.set,64,supramarginalR,periodic,3,24.945623645706146,0.09407435248168072,1.2169205226682709,24.945623645706146,0.06794670459421263,0.6084602613341354
294,D0179_chirp-ST_postcomp_MN_EEG_Constr_2018.set,64,supramarginalR,periodic,4,33.66687054757271,0.06179540858986021,1.889493470827374,33.66687054757271,0.0627665001357194,0.944746735413687
295,D0179_chirp-ST_postcomp_MN_EEG_Constr_2018.set,65,temporalpoleL,periodic,1,6.676546703202429,0.1432558934980268,2.4593463256103276,6.676546703202429,0.1447399904724271,1.2296731628051638
296,D0179_chirp-ST_postcomp_MN_EEG_Constr_2018.set,65,temporalpoleL,periodic,2,23.0200661220965,0.08023676725858797,3.054676916282197,23.0200661220965,0.08024368427923036,1.5273384581410985
297,D0179_chirp-ST_postcomp_MN_EEG_Constr_2018.set,65,temporalpoleL,periodic,3,25.8044198511194,0.06194747522896238,1.0000000000000002,25.8044198511194,0.05395948236666666,0.5000000000000001
298,D0179_chirp-ST_postcomp_MN_EEG_Constr_2018.set,65,temporalpoleL,periodic,4,38.575355211627915,0.060265363732185495,1.0000000000000002,38.575355211627915,0.060953687554845565,0.5000000000000001
299,D0179_chirp-ST_postcomp_MN_EEG_Constr_2018.set,66,temporalpoleR,periodic,1,5.020450630410131,0.07654146234839598,1.2297006561576949,5.020450630410131,0.07098683663088075,0.6148503280788474
300,D0179_chirp-ST_postcomp_MN_EEG_Constr_2018.set,66,temporalpoleR,periodic,2,6.722063770584767,0.14115199377768284,1.35004181943212,6.722063770584767,0.14485576943545833,0.67502090971606
301,D0179_chirp-ST_postcomp_MN_EEG_Constr_2018.set,66,temporalpoleR,periodic,3,12.204542781712146,0.10146307538847932,1.0000000000000002,12.204542781712146,0.10992199510740454,0.5000000000000001
302,D0179_chirp-ST_postcomp_MN_EEG_Constr_2018.set,66,temporalpoleR,periodic,4,19.601572906666647,0.06473380927005756,1.0000000000000002,19.601572906666647,0.04308084773662698,0.5000000000000001
303,D0179_chirp-ST_postcomp_MN_EEG_Constr_2018.set,66,temporalpoleR,periodic,5,24.547965400864054,0.049959400433314816,7.999999999999999,24.547965400864054,0.049962992455483565,3.9999999999999996
304,D0179_chirp-ST_postcomp_MN_EEG_Constr_2018.set,67,transversetemporalL,periodic,1,6.572416209763816,0.2092422813062229,1.796543907182345,6.572416209763816,0.20992333471834917,0.8982719535911725
305,D0179_chirp-ST_postcomp_MN_EEG_Constr_2018.set,67,transversetemporalL,periodic,2,13.097486932614549,0.125696243733882,1.7073775449336774,13.097486932614549,0.1264416599991707,0.8536887724668387
306,D0179_chirp-ST_postcomp_MN_EEG_Constr_2018.set,67,transversetemporalL,periodic,3,20.529573975528287,0.05501852463938084,4.151051345732562,20.529573975528287,0.055024110166794295,2.075525672866281
307,D0179_chirp-ST_postcomp_MN_EEG_Constr_2018.set,67,transversetemporalL,periodic,4,26.623923281172207,0.072804432976461,1.4339743404589234,26.623923281172207,0.07300837568573769,0.7169871702294617
308,D0179_chirp-ST_postcomp_MN_EEG_Constr_2018.set,67,transversetemporalL,periodic,5,30.19524638579047,0.07561797211788601,1.2917696128981313,30.19524638579047,0.07915023506305034,0.6458848064490657
309,D0179_chirp-ST_postcomp_MN_EEG_Constr_2018.set,68,transversetemporalR,periodic,1,5.84463311354871,0.07934221373530126,2.616833930912523,5.84463311354871,0.07990355984399113,1.3084169654562614
310,D0179_chirp-ST_postcomp_MN_EEG_Constr_2018.set,68,transversetemporalR,periodic,2,18.02777668369446,0.08443330205122912,2.169254053513963,18.02777668369446,0.0833138671465394,1.0846270267569815
311,D0179_chirp-ST_postcomp_MN_EEG_Constr_2018.set,68,transversetemporalR,periodic,3,19.98609040115533,0.13887002825211203,1.0782753651308998,19.98609040115533,0.08803709052444665,0.5391376825654499
312,D0179_chirp-ST_postcomp_MN_EEG_Constr_2018.set,68,transversetemporalR,periodic,4,22.066285102402695,0.11838294239090885,2.644860178190307,22.066285102402695,0.11833733136178698,1.3224300890951535
313,D0179_chirp-ST_postcomp_MN_EEG_Constr_2018.set,68,transversetemporalR,periodic,5,25.82911396159478,0.09755495153850502,1.7871818980991774,25.82911396159478,0.09791083155413777,0.8935909490495887
